low_end,low_end_raw,low_end_sign,low_end_biased_exp,low_end_mantissa,low_end_24bit,low_end_24bit_hex,low_end_plus_1,low_end_plus_1_raw,low_end_plus_1_sign,low_end_plus_1_biased_exp,low_end_plus_1_mantissa,low_end_plus_1_24bit,low_end_plus_1_24bit_hex,high_end_minus_1,high_end_minus_1_raw,high_end_minus_1_sign,high_end_minus_1_biased_exp,high_end_minus_1_mantissa,high_end_minus_1_24bit,high_end_minus_1_24bit_hex,high_end,high_end_raw,high_end_sign,high_end_biased_exp,high_end_mantissa,high_end_24bit,high_end_24bit_hex
0.000000000e+00,0x00000000,0,0,0,0,0x000000,1.401298464e-45,0x00000001,0,0,1,0,0x000000,1.175494071e-38,0x007ffffe,0,0,8388606,0,0x000000,1.175494211e-38,0x007fffff,0,0,8388607,0,0x000000
1.175494351e-38,0x00800000,0,1,0,0,0x000000,1.175494491e-38,0x00800001,0,1,1,0,0x000000,2.350988421e-38,0x00fffffe,0,1,8388606,0,0x000000,2.350988562e-38,0x00ffffff,0,1,8388607,0,0x000000
2.350988702e-38,0x01000000,0,2,0,0,0x000000,2.350988982e-38,0x01000001,0,2,1,0,0x000000,4.701976843e-38,0x017ffffe,0,2,8388606,0,0x000000,4.701977123e-38,0x017fffff,0,2,8388607,0,0x000000
4.701977403e-38,0x01800000,0,3,0,0,0x000000,4.701977964e-38,0x01800001,0,3,1,0,0x000000,9.403953686e-38,0x01fffffe,0,3,8388606,0,0x000000,9.403954246e-38,0x01ffffff,0,3,8388607,0,0x000000
9.403954807e-38,0x02000000,0,4,0,0,0x000000,9.403955928e-38,0x02000001,0,4,1,0,0x000000,1.880790737e-37,0x027ffffe,0,4,8388606,0,0x000000,1.880790849e-37,0x027fffff,0,4,8388607,0,0x000000
1.880790961e-37,0x02800000,0,5,0,0,0x000000,1.880791186e-37,0x02800001,0,5,1,0,0x000000,3.761581474e-37,0x02fffffe,0,5,8388606,0,0x000000,3.761581698e-37,0x02ffffff,0,5,8388607,0,0x000000
3.761581923e-37,0x03000000,0,6,0,0,0x000000,3.761582371e-37,0x03000001,0,6,1,0,0x000000,7.523162948e-37,0x037ffffe,0,6,8388606,0,0x000000,7.523163397e-37,0x037fffff,0,6,8388607,0,0x000000
7.523163845e-37,0x03800000,0,7,0,0,0x000000,7.523164742e-37,0x03800001,0,7,1,0,0x000000,1.504632590e-36,0x03fffffe,0,7,8388606,0,0x000000,1.504632679e-36,0x03ffffff,0,7,8388607,0,0x000000
1.504632769e-36,0x04000000,0,8,0,0,0x000000,1.504632948e-36,0x04000001,0,8,1,0,0x000000,3.009265179e-36,0x047ffffe,0,8,8388606,0,0x000000,3.009265359e-36,0x047fffff,0,8,8388607,0,0x000000
3.009265538e-36,0x04800000,0,9,0,0,0x000000,3.009265897e-36,0x04800001,0,9,1,0,0x000000,6.018530359e-36,0x04fffffe,0,9,8388606,0,0x000000,6.018530717e-36,0x04ffffff,0,9,8388607,0,0x000000
6.018531076e-36,0x05000000,0,10,0,0,0x000000,6.018531794e-36,0x05000001,0,10,1,0,0x000000,1.203706072e-35,0x057ffffe,0,10,8388606,0,0x000000,1.203706143e-35,0x057fffff,0,10,8388607,0,0x000000
1.203706215e-35,0x05800000,0,11,0,0,0x000000,1.203706359e-35,0x05800001,0,11,1,0,0x000000,2.407412143e-35,0x05fffffe,0,11,8388606,0,0x000000,2.407412287e-35,0x05ffffff,0,11,8388607,0,0x000000
2.407412430e-35,0x06000000,0,12,0,0,0x000000,2.407412717e-35,0x06000001,0,12,1,0,0x000000,4.814824287e-35,0x067ffffe,0,12,8388606,0,0x000000,4.814824574e-35,0x067fffff,0,12,8388607,0,0x000000
4.814824861e-35,0x06800000,0,13,0,0,0x000000,4.814825435e-35,0x06800001,0,13,1,0,0x000000,9.629648574e-35,0x06fffffe,0,13,8388606,0,0x000000,9.629649148e-35,0x06ffffff,0,13,8388607,0,0x000000
9.629649722e-35,0x07000000,0,14,0,0,0x000000,9.629650870e-35,0x07000001,0,14,1,0,0x000000,1.925929715e-34,0x077ffffe,0,14,8388606,0,0x000000,1.925929830e-34,0x077fffff,0,14,8388607,0,0x000000
1.925929944e-34,0x07800000,0,15,0,0,0x000000,1.925930174e-34,0x07800001,0,15,1,0,0x000000,3.851859430e-34,0x07fffffe,0,15,8388606,0,0x000000,3.851859659e-34,0x07ffffff,0,15,8388607,0,0x000000
3.851859889e-34,0x08000000,0,16,0,0,0x000000,3.851860348e-34,0x08000001,0,16,1,0,0x000000,7.703718859e-34,0x087ffffe,0,16,8388606,0,0x000000,7.703719318e-34,0x087fffff,0,16,8388607,0,0x000000
7.703719778e-34,0x08800000,0,17,0,0,0x000000,7.703720696e-34,0x08800001,0,17,1,0,0x000000,1.540743772e-33,0x08fffffe,0,17,8388606,0,0x000000,1.540743864e-33,0x08ffffff,0,17,8388607,0,0x000000
1.540743956e-33,0x09000000,0,18,0,0,0x000000,1.540744139e-33,0x09000001,0,18,1,0,0x000000,3.081487544e-33,0x097ffffe,0,18,8388606,0,0x000000,3.081487727e-33,0x097fffff,0,18,8388607,0,0x000000
3.081487911e-33,0x09800000,0,19,0,0,0x000000,3.081488278e-33,0x09800001,0,19,1,0,0x000000,6.162975087e-33,0x09fffffe,0,19,8388606,0,0x000000,6.162975455e-33,0x09ffffff,0,19,8388607,0,0x000000
6.162975822e-33,0x0a000000,0,20,0,0,0x000000,6.162976557e-33,0x0a000001,0,20,1,0,0x000000,1.232595017e-32,0x0a7ffffe,0,20,8388606,0,0x000000,1.232595091e-32,0x0a7fffff,0,20,8388607,0,0x000000
1.232595164e-32,0x0a800000,0,21,0,0,0x000000,1.232595311e-32,0x0a800001,0,21,1,0,0x000000,2.465190035e-32,0x0afffffe,0,21,8388606,0,0x000000,2.465190182e-32,0x0affffff,0,21,8388607,0,0x000000
2.465190329e-32,0x0b000000,0,22,0,0,0x000000,2.465190623e-32,0x0b000001,0,22,1,0,0x000000,4.930380070e-32,0x0b7ffffe,0,22,8388606,0,0x000000,4.930380364e-32,0x0b7fffff,0,22,8388607,0,0x000000
4.930380658e-32,0x0b800000,0,23,0,0,0x000000,4.930381245e-32,0x0b800001,0,23,1,0,0x000000,9.860760140e-32,0x0bfffffe,0,23,8388606,0,0x000000,9.860760728e-32,0x0bffffff,0,23,8388607,0,0x000000
9.860761315e-32,0x0c000000,0,24,0,0,0x000000,9.860762491e-32,0x0c000001,0,24,1,0,0x000000,1.972152028e-31,0x0c7ffffe,0,24,8388606,0,0x000000,1.972152146e-31,0x0c7fffff,0,24,8388607,0,0x000000
1.972152263e-31,0x0c800000,0,25,0,0,0x000000,1.972152498e-31,0x0c800001,0,25,1,0,0x000000,3.944304056e-31,0x0cfffffe,0,25,8388606,0,0x000000,3.944304291e-31,0x0cffffff,0,25,8388607,0,0x000000
3.944304526e-31,0x0d000000,0,26,0,0,0x000000,3.944304996e-31,0x0d000001,0,26,1,0,0x000000,7.888608112e-31,0x0d7ffffe,0,26,8388606,0,0x000000,7.888608582e-31,0x0d7fffff,0,26,8388607,0,0x000000
7.888609052e-31,0x0d800000,0,27,0,0,0x000000,7.888609993e-31,0x0d800001,0,27,1,0,0x000000,1.577721622e-30,0x0dfffffe,0,27,8388606,0,0x000000,1.577721716e-30,0x0dffffff,0,27,8388607,0,0x000000
1.577721810e-30,0x0e000000,0,28,0,0,0x000000,1.577721999e-30,0x0e000001,0,28,1,0,0x000000,3.155443245e-30,0x0e7ffffe,0,28,8388606,0,0x000000,3.155443433e-30,0x0e7fffff,0,28,8388607,0,0x000000
3.155443621e-30,0x0e800000,0,29,0,0,0x000000,3.155443997e-30,0x0e800001,0,29,1,0,0x000000,6.310886489e-30,0x0efffffe,0,29,8388606,0,0x000000,6.310886866e-30,0x0effffff,0,29,8388607,0,0x000000
6.310887242e-30,0x0f000000,0,30,0,0,0x000000,6.310887994e-30,0x0f000001,0,30,1,0,0x000000,1.262177298e-29,0x0f7ffffe,0,30,8388606,0,0x000000,1.262177373e-29,0x0f7fffff,0,30,8388607,0,0x000000
1.262177448e-29,0x0f800000,0,31,0,0,0x000000,1.262177599e-29,0x0f800001,0,31,1,0,0x000000,2.524354596e-29,0x0ffffffe,0,31,8388606,0,0x000000,2.524354746e-29,0x0fffffff,0,31,8388607,0,0x000000
2.524354897e-29,0x10000000,0,32,0,0,0x000000,2.524355198e-29,0x10000001,0,32,1,0,0x000000,5.048709192e-29,0x107ffffe,0,32,8388606,0,0x000000,5.048709492e-29,0x107fffff,0,32,8388607,0,0x000000
5.048709793e-29,0x10800000,0,33,0,0,0x000000,5.048710395e-29,0x10800001,0,33,1,0,0x000000,1.009741838e-28,0x10fffffe,0,33,8388606,0,0x000000,1.009741898e-28,0x10ffffff,0,33,8388607,0,0x000000
1.009741959e-28,0x11000000,0,34,0,0,0x000000,1.009742079e-28,0x11000001,0,34,1,0,0x000000,2.019483677e-28,0x117ffffe,0,34,8388606,0,0x000000,2.019483797e-28,0x117fffff,0,34,8388607,0,0x000000
2.019483917e-28,0x11800000,0,35,0,0,0x000000,2.019484158e-28,0x11800001,0,35,1,0,0x000000,4.038967353e-28,0x11fffffe,0,35,8388606,0,0x000000,4.038967594e-28,0x11ffffff,0,35,8388607,0,0x000000
4.038967835e-28,0x12000000,0,36,0,0,0x000000,4.038968316e-28,0x12000001,0,36,1,0,0x000000,8.077934706e-28,0x127ffffe,0,36,8388606,0,0x000000,8.077935188e-28,0x127fffff,0,36,8388607,0,0x000000
8.077935669e-28,0x12800000,0,37,0,0,0x000000,8.077936632e-28,0x12800001,0,37,1,0,0x000000,1.615586941e-27,0x12fffffe,0,37,8388606,0,0x000000,1.615587038e-27,0x12ffffff,0,37,8388607,0,0x000000
1.615587134e-27,0x13000000,0,38,0,0,0x000000,1.615587326e-27,0x13000001,0,38,1,0,0x000000,3.231173883e-27,0x137ffffe,0,38,8388606,0,0x000000,3.231174075e-27,0x137fffff,0,38,8388607,0,0x000000
3.231174268e-27,0x13800000,0,39,0,0,0x000000,3.231174653e-27,0x13800001,0,39,1,0,0x000000,6.462347765e-27,0x13fffffe,0,39,8388606,0,0x000000,6.462348150e-27,0x13ffffff,0,39,8388607,0,0x000000
6.462348536e-27,0x14000000,0,40,0,0,0x000000,6.462349306e-27,0x14000001,0,40,1,0,0x000000,1.292469553e-26,0x147ffffe,0,40,8388606,0,0x000000,1.292469630e-26,0x147fffff,0,40,8388607,0,0x000000
1.292469707e-26,0x14800000,0,41,0,0,0x000000,1.292469861e-26,0x14800001,0,41,1,0,0x000000,2.584939106e-26,0x14fffffe,0,41,8388606,0,0x000000,2.584939260e-26,0x14ffffff,0,41,8388607,0,0x000000
2.584939414e-26,0x15000000,0,42,0,0,0x000000,2.584939722e-26,0x15000001,0,42,1,0,0x000000,5.169878212e-26,0x157ffffe,0,42,8388606,0,0x000000,5.169878520e-26,0x157fffff,0,42,8388607,0,0x000000
5.169878828e-26,0x15800000,0,43,0,0,0x000000,5.169879445e-26,0x15800001,0,43,1,0,0x000000,1.033975642e-25,0x15fffffe,0,43,8388606,0,0x000000,1.033975704e-25,0x15ffffff,0,43,8388607,0,0x000000
1.033975766e-25,0x16000000,0,44,0,0,0x000000,1.033975889e-25,0x16000001,0,44,1,0,0x000000,2.067951285e-25,0x167ffffe,0,44,8388606,0,0x000000,2.067951408e-25,0x167fffff,0,44,8388607,0,0x000000
2.067951531e-25,0x16800000,0,45,0,0,0x000000,2.067951778e-25,0x16800001,0,45,1,0,0x000000,4.135902570e-25,0x16fffffe,0,45,8388606,0,0x000000,4.135902816e-25,0x16ffffff,0,45,8388607,0,0x000000
4.135903063e-25,0x17000000,0,46,0,0,0x000000,4.135903556e-25,0x17000001,0,46,1,0,0x000000,8.271805139e-25,0x177ffffe,0,46,8388606,0,0x000000,8.271805632e-25,0x177fffff,0,46,8388607,0,0x000000
8.271806126e-25,0x17800000,0,47,0,0,0x000000,8.271807112e-25,0x17800001,0,47,1,0,0x000000,1.654361028e-24,0x17fffffe,0,47,8388606,0,0x000000,1.654361126e-24,0x17ffffff,0,47,8388607,0,0x000000
1.654361225e-24,0x18000000,0,48,0,0,0x000000,1.654361422e-24,0x18000001,0,48,1,0,0x000000,3.308722056e-24,0x187ffffe,0,48,8388606,0,0x000000,3.308722253e-24,0x187fffff,0,48,8388607,0,0x000000
3.308722450e-24,0x18800000,0,49,0,0,0x000000,3.308722845e-24,0x18800001,0,49,1,0,0x000000,6.617444112e-24,0x18fffffe,0,49,8388606,0,0x000000,6.617444506e-24,0x18ffffff,0,49,8388607,0,0x000000
6.617444900e-24,0x19000000,0,50,0,0,0x000000,6.617445689e-24,0x19000001,0,50,1,0,0x000000,1.323488822e-23,0x197ffffe,0,50,8388606,0,0x000000,1.323488901e-23,0x197fffff,0,50,8388607,0,0x000000
1.323488980e-23,0x19800000,0,51,0,0,0x000000,1.323489138e-23,0x19800001,0,51,1,0,0x000000,2.646977645e-23,0x19fffffe,0,51,8388606,0,0x000000,2.646977802e-23,0x19ffffff,0,51,8388607,0,0x000000
2.646977960e-23,0x1a000000,0,52,0,0,0x000000,2.646978276e-23,0x1a000001,0,52,1,0,0x000000,5.293955289e-23,0x1a7ffffe,0,52,8388606,0,0x000000,5.293955605e-23,0x1a7fffff,0,52,8388607,0,0x000000
5.293955920e-23,0x1a800000,0,53,0,0,0x000000,5.293956551e-23,0x1a800001,0,53,1,0,0x000000,1.058791058e-22,0x1afffffe,0,53,8388606,0,0x000000,1.058791121e-22,0x1affffff,0,53,8388607,0,0x000000
1.058791184e-22,0x1b000000,0,54,0,0,0x000000,1.058791310e-22,0x1b000001,0,54,1,0,0x000000,2.117582116e-22,0x1b7ffffe,0,54,8388606,0,0x000000,2.117582242e-22,0x1b7fffff,0,54,8388607,0,0x000000
2.117582368e-22,0x1b800000,0,55,0,0,0x000000,2.117582621e-22,0x1b800001,0,55,1,0,0x000000,4.235164231e-22,0x1bfffffe,0,55,8388606,0,0x000000,4.235164484e-22,0x1bffffff,0,55,8388607,0,0x000000
4.235164736e-22,0x1c000000,0,56,0,0,0x000000,4.235165241e-22,0x1c000001,0,56,1,0,0x000000,8.470328463e-22,0x1c7ffffe,0,56,8388606,0,0x000000,8.470328968e-22,0x1c7fffff,0,56,8388607,0,0x000000
8.470329473e-22,0x1c800000,0,57,0,0,0x000000,8.470330482e-22,0x1c800001,0,57,1,0,0x000000,1.694065693e-21,0x1cfffffe,0,57,8388606,0,0x000000,1.694065794e-21,0x1cffffff,0,57,8388607,0,0x000000
1.694065895e-21,0x1d000000,0,58,0,0,0x000000,1.694066096e-21,0x1d000001,0,58,1,0,0x000000,3.388131385e-21,0x1d7ffffe,0,58,8388606,0,0x000000,3.388131587e-21,0x1d7fffff,0,58,8388607,0,0x000000
3.388131789e-21,0x1d800000,0,59,0,0,0x000000,3.388132193e-21,0x1d800001,0,59,1,0,0x000000,6.776262770e-21,0x1dfffffe,0,59,8388606,0,0x000000,6.776263174e-21,0x1dffffff,0,59,8388607,0,0x000000
6.776263578e-21,0x1e000000,0,60,0,0,0x000000,6.776264386e-21,0x1e000001,0,60,1,0,0x000000,1.355252554e-20,0x1e7ffffe,0,60,8388606,0,0x000000,1.355252635e-20,0x1e7fffff,0,60,8388607,0,0x000000
1.355252716e-20,0x1e800000,0,61,0,0,0x000000,1.355252877e-20,0x1e800001,0,61,1,0,0x000000,2.710505108e-20,0x1efffffe,0,61,8388606,0,0x000000,2.710505270e-20,0x1effffff,0,61,8388607,0,0x000000
2.710505431e-20,0x1f000000,0,62,0,0,0x000000,2.710505754e-20,0x1f000001,0,62,1,0,0x000000,5.421010216e-20,0x1f7ffffe,0,62,8388606,0,0x000000,5.421010539e-20,0x1f7fffff,0,62,8388607,0,0x000000
5.421010862e-20,0x1f800000,0,63,0,0,0x000000,5.421011509e-20,0x1f800001,0,63,1,0,0x000000,1.084202043e-19,0x1ffffffe,0,63,8388606,0,0x000000,1.084202108e-19,0x1fffffff,0,63,8388607,0,0x000000
1.084202172e-19,0x20000000,0,64,0,0,0x000000,1.084202302e-19,0x20000001,0,64,1,0,0x000000,2.168404086e-19,0x207ffffe,0,64,8388606,0,0x000000,2.168404216e-19,0x207fffff,0,64,8388607,0,0x000000
2.168404345e-19,0x20800000,0,65,0,0,0x000000,2.168404603e-19,0x20800001,0,65,1,0,0x000000,4.336808173e-19,0x20fffffe,0,65,8388606,0,0x000000,4.336808431e-19,0x20ffffff,0,65,8388607,0,0x000000
4.336808690e-19,0x21000000,0,66,0,0,0x000000,4.336809207e-19,0x21000001,0,66,1,0,0x000000,8.673616346e-19,0x217ffffe,0,66,8388606,0,0x000000,8.673616863e-19,0x217fffff,0,66,8388607,0,0x000000
8.673617380e-19,0x21800000,0,67,0,0,0x000000,8.673618414e-19,0x21800001,0,67,1,0,0x000000,1.734723269e-18,0x21fffffe,0,67,8388606,0,0x000000,1.734723373e-18,0x21ffffff,0,67,8388607,0,0x000000
1.734723476e-18,0x22000000,0,68,0,0,0x000000,1.734723683e-18,0x22000001,0,68,1,0,0x000000,3.469446538e-18,0x227ffffe,0,68,8388606,0,0x000000,3.469446745e-18,0x227fffff,0,68,8388607,0,0x000000
3.469446952e-18,0x22800000,0,69,0,0,0x000000,3.469447366e-18,0x22800001,0,69,1,0,0x000000,6.938893077e-18,0x22fffffe,0,69,8388606,0,0x000000,6.938893490e-18,0x22ffffff,0,69,8388607,0,0x000000
6.938893904e-18,0x23000000,0,70,0,0,0x000000,6.938894731e-18,0x23000001,0,70,1,0,0x000000,1.387778615e-17,0x237ffffe,0,70,8388606,0,0x000000,1.387778698e-17,0x237fffff,0,70,8388607,0,0x000000
1.387778781e-17,0x23800000,0,71,0,0,0x000000,1.387778946e-17,0x23800001,0,71,1,0,0x000000,2.775557231e-17,0x23fffffe,0,71,8388606,0,0x000000,2.775557396e-17,0x23ffffff,0,71,8388607,0,0x000000
2.775557562e-17,0x24000000,0,72,0,0,0x000000,2.775557892e-17,0x24000001,0,72,1,0,0x000000,5.551114461e-17,0x247ffffe,0,72,8388606,0,0x000000,5.551114792e-17,0x247fffff,0,72,8388607,0,0x000000
5.551115123e-17,0x24800000,0,73,0,0,0x000000,5.551115785e-17,0x24800001,0,73,1,0,0x000000,1.110222892e-16,0x24fffffe,0,73,8388606,0,0x000000,1.110222958e-16,0x24ffffff,0,73,8388607,0,0x000000
1.110223025e-16,0x25000000,0,74,0,0,0x000000,1.110223157e-16,0x25000001,0,74,1,0,0x000000,2.220445785e-16,0x257ffffe,0,74,8388606,0,0x000000,2.220445917e-16,0x257fffff,0,74,8388607,0,0x000000
2.220446049e-16,0x25800000,0,75,0,0,0x000000,2.220446314e-16,0x25800001,0,75,1,0,0x000000,4.440891569e-16,0x25fffffe,0,75,8388606,0,0x000000,4.440891834e-16,0x25ffffff,0,75,8388607,0,0x000000
4.440892099e-16,0x26000000,0,76,0,0,0x000000,4.440892628e-16,0x26000001,0,76,1,0,0x000000,8.881783138e-16,0x267ffffe,0,76,8388606,0,0x000000,8.881783668e-16,0x267fffff,0,76,8388607,0,0x000000
8.881784197e-16,0x26800000,0,77,0,0,0x000000,8.881785256e-16,0x26800001,0,77,1,0,0x000000,1.776356628e-15,0x26fffffe,0,77,8388606,0,0x000000,1.776356734e-15,0x26ffffff,0,77,8388607,0,0x000000
1.776356839e-15,0x27000000,0,78,0,0,0x000000,1.776357051e-15,0x27000001,0,78,1,0,0x000000,3.552713255e-15,0x277ffffe,0,78,8388606,0,0x000000,3.552713467e-15,0x277fffff,0,78,8388607,0,0x000000
3.552713679e-15,0x27800000,0,79,0,0,0x000000,3.552714102e-15,0x27800001,0,79,1,0,0x000000,7.105426511e-15,0x27fffffe,0,79,8388606,0,0x000000,7.105426934e-15,0x27ffffff,0,79,8388607,0,0x000000
7.105427358e-15,0x28000000,0,80,0,0,0x000000,7.105428205e-15,0x28000001,0,80,1,0,0x000000,1.421085302e-14,0x287ffffe,0,80,8388606,0,0x000000,1.421085387e-14,0x287fffff,0,80,8388607,0,0x000000
1.421085472e-14,0x28800000,0,81,0,0,0x000000,1.421085641e-14,0x28800001,0,81,1,0,0x000000,2.842170604e-14,0x28fffffe,0,81,8388606,0,0x000000,2.842170774e-14,0x28ffffff,0,81,8388607,0,0x000000
2.842170943e-14,0x29000000,0,82,0,0,0x000000,2.842171282e-14,0x29000001,0,82,1,0,0x000000,5.684341208e-14,0x297ffffe,0,82,8388606,0,0x000000,5.684341547e-14,0x297fffff,0,82,8388607,0,0x000000
5.684341886e-14,0x29800000,0,83,0,0,0x000000,5.684342564e-14,0x29800001,0,83,1,0,0x000000,1.136868242e-13,0x29fffffe,0,83,8388606,0,0x000000,1.136868309e-13,0x29ffffff,0,83,8388607,0,0x000000
1.136868377e-13,0x2a000000,0,84,0,0,0x000000,1.136868513e-13,0x2a000001,0,84,1,0,0x000000,2.273736483e-13,0x2a7ffffe,0,84,8388606,0,0x000000,2.273736619e-13,0x2a7fffff,0,84,8388607,0,0x000000
2.273736754e-13,0x2a800000,0,85,0,0,0x000000,2.273737025e-13,0x2a800001,0,85,1,0,0x000000,4.547472967e-13,0x2afffffe,0,85,8388606,0,0x000000,4.547473238e-13,0x2affffff,0,85,8388607,0,0x000000
4.547473509e-13,0x2b000000,0,86,0,0,0x000000,4.547474051e-13,0x2b000001,0,86,1,0,0x000000,9.094945934e-13,0x2b7ffffe,0,86,8388606,0,0x000000,9.094946476e-13,0x2b7fffff,0,86,8388607,0,0x000000
9.094947018e-13,0x2b800000,0,87,0,0,0x000000,9.094948102e-13,0x2b800001,0,87,1,0,0x000000,1.818989187e-12,0x2bfffffe,0,87,8388606,0,0x000000,1.818989295e-12,0x2bffffff,0,87,8388607,0,0x000000
1.818989404e-12,0x2c000000,0,88,0,0,0x000000,1.818989620e-12,0x2c000001,0,88,1,0,0x000000,3.637978373e-12,0x2c7ffffe,0,88,8388606,0,0x000000,3.637978590e-12,0x2c7fffff,0,88,8388607,0,0x000000
3.637978807e-12,0x2c800000,0,89,0,0,0x000000,3.637979241e-12,0x2c800001,0,89,1,0,0x000000,7.275956747e-12,0x2cfffffe,0,89,8388606,0,0x000000,7.275957181e-12,0x2cffffff,0,89,8388607,0,0x000000
7.275957614e-12,0x2d000000,0,90,0,0,0x000000,7.275958482e-12,0x2d000001,0,90,1,0,0x000000,1.455191349e-11,0x2d7ffffe,0,90,8388606,0,0x000000,1.455191436e-11,0x2d7fffff,0,90,8388607,0,0x000000
1.455191523e-11,0x2d800000,0,91,0,0,0x000000,1.455191696e-11,0x2d800001,0,91,1,0,0x000000,2.910382699e-11,0x2dfffffe,0,91,8388606,0,0x000000,2.910382872e-11,0x2dffffff,0,91,8388607,0,0x000000
2.910383046e-11,0x2e000000,0,92,0,0,0x000000,2.910383393e-11,0x2e000001,0,92,1,0,0x000000,5.820765397e-11,0x2e7ffffe,0,92,8388606,0,0x000000,5.820765744e-11,0x2e7fffff,0,92,8388607,0,0x000000
5.820766091e-11,0x2e800000,0,93,0,0,0x000000,5.820766785e-11,0x2e800001,0,93,1,0,0x000000,1.164153079e-10,0x2efffffe,0,93,8388606,0,0x000000,1.164153149e-10,0x2effffff,0,93,8388607,0,0x000000
1.164153218e-10,0x2f000000,0,94,0,0,0x000000,1.164153357e-10,0x2f000001,0,94,1,0,0x000000,2.328306159e-10,0x2f7ffffe,0,94,8388606,0,0x000000,2.328306298e-10,0x2f7fffff,0,94,8388607,0,0x000000
2.328306437e-10,0x2f800000,0,95,0,0,0x000000,2.328306714e-10,0x2f800001,0,95,1,0,0x000000,4.656612318e-10,0x2ffffffe,0,95,8388606,0,0x000000,4.656612596e-10,0x2fffffff,0,95,8388607,0,0x000000
4.656612873e-10,0x30000000,0,96,0,0,0x000000,4.656613428e-10,0x30000001,0,96,1,0,0x000000,9.313224636e-10,0x307ffffe,0,96,8388606,0,0x000000,9.313225191e-10,0x307fffff,0,96,8388607,0,0x000000
9.313225746e-10,0x30800000,0,97,0,0,0x000000,9.313226856e-10,0x30800001,0,97,1,0,0x000000,1.862644927e-09,0x30fffffe,0,97,8388606,0,0x000000,1.862645038e-09,0x30ffffff,0,97,8388607,0,0x000000
1.862645149e-09,0x31000000,0,98,0,0,0x000000,1.862645371e-09,0x31000001,0,98,1,0,0x000000,3.725289854e-09,0x317ffffe,0,98,8388606,0,0x000000,3.725290076e-09,0x317fffff,0,98,8388607,0,0x000000
3.725290298e-09,0x31800000,0,99,0,0,0x000000,3.725290743e-09,0x31800001,0,99,1,0,0x000000,7.450579709e-09,0x31fffffe,0,99,8388606,0,0x000000,7.450580153e-09,0x31ffffff,0,99,8388607,0,0x000000
7.450580597e-09,0x32000000,0,100,0,0,0x000000,7.450581485e-09,0x32000001,0,100,1,0,0x000000,1.490115942e-08,0x327ffffe,0,100,8388606,0,0x000000,1.490116031e-08,0x327fffff,0,100,8388607,0,0x000000
1.490116119e-08,0x32800000,0,101,0,0,0x000000,1.490116297e-08,0x32800001,0,101,1,0,0x000000,2.980231883e-08,0x32fffffe,0,101,8388606,0,0x000000,2.980232061e-08,0x32ffffff,0,101,8388607,0,0x000000
2.980232239e-08,0x33000000,0,102,0,0,0x000000,2.980232594e-08,0x33000001,0,102,1,0,0x000000,5.960463767e-08,0x337ffffe,0,102,8388606,0,0x000000,5.960464122e-08,0x337fffff,0,102,8388607,0,0x000000
5.960464478e-08,0x33800000,0,103,0,0,0x000000,5.960465188e-08,0x33800001,0,103,1,0,0x000000,1.192092753e-07,0x33fffffe,0,103,8388606,1,0x000001,1.192092824e-07,0x33ffffff,0,103,8388607,1,0x000001
1.192092896e-07,0x34000000,0,104,0,1,0x000001,1.192093038e-07,0x34000001,0,104,1,1,0x000001,2.384185507e-07,0x347ffffe,0,104,8388606,2,0x000002,2.384185649e-07,0x347fffff,0,104,8388607,2,0x000002
2.384185791e-07,0x34800000,0,105,0,2,0x000002,2.384186075e-07,0x34800001,0,105,1,2,0x000002,4.768371014e-07,0x34fffffe,0,105,8388606,4,0x000004,4.768371298e-07,0x34ffffff,0,105,8388607,4,0x000004
4.768371582e-07,0x35000000,0,106,0,4,0x000004,4.768372150e-07,0x35000001,0,106,1,4,0x000004,9.536742027e-07,0x357ffffe,0,106,8388606,8,0x000008,9.536742596e-07,0x357fffff,0,106,8388607,8,0x000008
9.536743164e-07,0x35800000,0,107,0,8,0x000008,9.536744301e-07,0x35800001,0,107,1,8,0x000008,1.907348405e-06,0x35fffffe,0,107,8388606,16,0x000010,1.907348519e-06,0x35ffffff,0,107,8388607,16,0x000010
1.907348633e-06,0x36000000,0,108,0,16,0x000010,1.907348860e-06,0x36000001,0,108,1,16,0x000010,3.814696811e-06,0x367ffffe,0,108,8388606,32,0x000020,3.814697038e-06,0x367fffff,0,108,8388607,32,0x000020
3.814697266e-06,0x36800000,0,109,0,32,0x000020,3.814697720e-06,0x36800001,0,109,1,32,0x000020,7.629393622e-06,0x36fffffe,0,109,8388606,64,0x000040,7.629394077e-06,0x36ffffff,0,109,8388607,64,0x000040
7.629394531e-06,0x37000000,0,110,0,64,0x000040,7.629395441e-06,0x37000001,0,110,1,64,0x000040,1.525878724e-05,0x377ffffe,0,110,8388606,128,0x000080,1.525878815e-05,0x377fffff,0,110,8388607,128,0x000080
1.525878906e-05,0x37800000,0,111,0,128,0x000080,1.525879088e-05,0x37800001,0,111,1,128,0x000080,3.051757449e-05,0x37fffffe,0,111,8388606,256,0x000100,3.051757631e-05,0x37ffffff,0,111,8388607,256,0x000100
3.051757812e-05,0x38000000,0,112,0,256,0x000100,3.051758176e-05,0x38000001,0,112,1,256,0x000100,6.103514897e-05,0x387ffffe,0,112,8388606,512,0x000200,6.103515261e-05,0x387fffff,0,112,8388607,512,0x000200
6.103515625e-05,0x38800000,0,113,0,512,0x000200,6.103516353e-05,0x38800001,0,113,1,512,0x000200,1.220702979e-04,0x38fffffe,0,113,8388606,1024,0x000400,1.220703052e-04,0x38ffffff,0,113,8388607,1024,0x000400
1.220703125e-04,0x39000000,0,114,0,1024,0x000400,1.220703271e-04,0x39000001,0,114,1,1024,0x000400,2.441405959e-04,0x397ffffe,0,114,8388606,2048,0x000800,2.441406104e-04,0x397fffff,0,114,8388607,2048,0x000800
2.441406250e-04,0x39800000,0,115,0,2048,0x000800,2.441406541e-04,0x39800001,0,115,1,2048,0x000800,4.882811918e-04,0x39fffffe,0,115,8388606,4096,0x001000,4.882812209e-04,0x39ffffff,0,115,8388607,4096,0x001000
4.882812500e-04,0x3a000000,0,116,0,4096,0x001000,4.882813082e-04,0x3a000001,0,116,1,4096,0x001000,9.765623836e-04,0x3a7ffffe,0,116,8388606,8192,0x002000,9.765624418e-04,0x3a7fffff,0,116,8388607,8192,0x002000
9.765625000e-04,0x3a800000,0,117,0,8192,0x002000,9.765626164e-04,0x3a800001,0,117,1,8192,0x002000,1.953124767e-03,0x3afffffe,0,117,8388606,16384,0x004000,1.953124884e-03,0x3affffff,0,117,8388607,16384,0x004000
1.953125000e-03,0x3b000000,0,118,0,16384,0x004000,1.953125233e-03,0x3b000001,0,118,1,16384,0x004000,3.906249534e-03,0x3b7ffffe,0,118,8388606,32768,0x008000,3.906249767e-03,0x3b7fffff,0,118,8388607,32768,0x008000
3.906250000e-03,0x3b800000,0,119,0,32768,0x008000,3.906250466e-03,0x3b800001,0,119,1,32768,0x008000,7.812499069e-03,0x3bfffffe,0,119,8388606,65536,0x010000,7.812499534e-03,0x3bffffff,0,119,8388607,65536,0x010000
7.812500000e-03,0x3c000000,0,120,0,65536,0x010000,7.812500931e-03,0x3c000001,0,120,1,65536,0x010000,1.562499814e-02,0x3c7ffffe,0,120,8388606,131072,0x020000,1.562499907e-02,0x3c7fffff,0,120,8388607,131072,0x020000
1.562500000e-02,0x3c800000,0,121,0,131072,0x020000,1.562500186e-02,0x3c800001,0,121,1,131072,0x020000,3.124999627e-02,0x3cfffffe,0,121,8388606,262144,0x040000,3.124999814e-02,0x3cffffff,0,121,8388607,262144,0x040000
3.125000000e-02,0x3d000000,0,122,0,262144,0x040000,3.125000373e-02,0x3d000001,0,122,1,262144,0x040000,6.249999255e-02,0x3d7ffffe,0,122,8388606,524288,0x080000,6.249999627e-02,0x3d7fffff,0,122,8388607,524288,0x080000
6.250000000e-02,0x3d800000,0,123,0,524288,0x080000,6.250000745e-02,0x3d800001,0,123,1,524288,0x080000,1.249999851e-01,0x3dfffffe,0,123,8388606,1048576,0x100000,1.249999925e-01,0x3dffffff,0,123,8388607,1048576,0x100000
1.250000000e-01,0x3e000000,0,124,0,1048576,0x100000,1.250000149e-01,0x3e000001,0,124,1,1048576,0x100000,2.499999702e-01,0x3e7ffffe,0,124,8388606,2097152,0x200000,2.499999851e-01,0x3e7fffff,0,124,8388607,2097152,0x200000
2.500000000e-01,0x3e800000,0,125,0,2097152,0x200000,2.500000298e-01,0x3e800001,0,125,1,2097152,0x200000,4.999999404e-01,0x3efffffe,0,125,8388606,4194303,0x3fffff,4.999999702e-01,0x3effffff,0,125,8388607,4194303,0x3fffff
5.000000000e-01,0x3f000000,0,126,0,4194304,0x400000,5.000000596e-01,0x3f000001,0,126,1,4194304,0x400000,9.999998808e-01,0x3f7ffffe,0,126,8388606,8388606,0x7ffffe,9.999999404e-01,0x3f7fffff,0,126,8388607,8388607,0x7fffff
1.000000000e+00,0x3f800000,0,127,0,8388607,0x7fffff,1.000000119e+00,0x3f800001,0,127,1,8388608,0x800000,1.999999762e+00,0x3ffffffe,0,127,8388606,16777212,0xfffffc,1.999999881e+00,0x3fffffff,0,127,8388607,16777213,0xfffffd